playerid,playername
oe:player:3085815ef497539cb1d93b3c9a16624,Robo
oe:player:b04655f0821a30125d72a3442647875,Tay
oe:player:ae770d2c942cee6dbcfbd1832015231,tinowns
oe:player:952f90bd1805db865fdb728cd1f2d92,DudsTheBoy
oe:player:c88cada1696defe81464925789aa6d8,Ceos
oe:player:61ea9de879a9b27bb8eddcba7f32f4a,fNb
oe:player:b23f665210a1914cab61bc8eba4c9ae,Ranger
oe:player:a672b5bc1c212a6922418fad18734c1,Envy
oe:player:85c460fea615911b6075e0968b63db1,Netuno
oe:player:0c041d02ab7138f57164fafbc091b2d,RedBert
oe:player:609de97618e0efb1e5b4bca418e9d3c,DoRun
oe:player:76cd75b6b8f0def9bc45032dcc32a61,Croc
oe:player:b57e72ed35022b11f16f095682ff782,Anyyy
oe:player:e740788e7e937ae3feee9222fae4415,Drop
oe:player:4e0360185eba3ff8c175aebc3278b7b,Hawk
oe:player:6daafc30b010acda4ebc20b6785cbc0,Boal
oe:player:5913c1b5618afae9f7e2e85111ff769,asta
oe:player:886e8205ac1b091dbf67dbae83b1544,Tutsz
oe:player:0cfa7da07f11bd954137ab359972515,Flare
oe:player:5dedda929608ef07aedda33aa2b474e,Bounty
oe:player:47a2fd48766f50394a3110fd124de77,Parang
oe:player:3d6241a697bf77c402bad659fb172ab,Wiz
oe:player:979d7cbbe1e2a8b55d503047f5c72a0,Hauz
oe:player:bead6d34dbffe42a8c5984aa0dbaeda,Disave
oe:player:70d516fd78bcce28e19f4b422bb9f02,Scuro
oe:player:4a0d0414aac330b32a1a4dd6bac8743,Tyrin
oe:player:65d1e475734633e28d4523d92a90837,Yampi
oe:player:302f32028cef9d7eeda1dbe74cf59ee,Kick
oe:player:0ce788d020173e8e2e683515c31efda,micaO
oe:player:82a42c3ebfd83735f1aaf93cf8adf7e,Decoy
oe:player:325d05dad5fd291cbb49cd50c038ce3,Ayel
oe:player:931603f10a47a4241c9c2afbd69107a,Minerva
oe:player:db388b1b18abbdc620de33627c0ef05,Goku
oe:player:91306951bc13eb9ddf738836c895f9a,Hades
oe:player:57cc9b210b0e3ff7b28013cec3d36ac,Guard
oe:player:d61d8a0b25028f787123bfff542d305,Guigo
oe:player:778c6c3733d919a3b64885912be15a9,Aegis
oe:player:dda07addeb137c860725f0c964dcbbf,Grevthar
oe:player:1c010180887360e5d6ab967fd93693d,TitaN
oe:player:54dfc311555112498c08f57e93c0270,Jojo
oe:player:63dc9ebe6cd781c9c9cecb54a6d7317,Kiari
oe:player:946b74bfc34e861b344ae03700af039,Disamis
oe:player:0a0e15e8e14edd7e4039cbf6f4fbfa4,Krastyel
oe:player:0c0d42e4a3273c1a137e83b490b8513,Matsukaze
oe:player:e0ca016e696d77b1ee0467e5825b5ed,Wos
oe:player:840d0b77e71408d3da84e4f0cae4b73,Wizer
oe:player:27dddda4733563bfee89fd220fc6717,CarioK
oe:player:127d6ec83484da3c8b39b70c70f1226,dyNquedo
oe:player:c732cc226501cc21178b9f413cdf3eb,Trigo
oe:player:b9f24e83531326204197015b2f43a93,Damage
oe:player:6fead5dcabc3b17b1aabea24ca5b3ff,Gyeong
oe:player:96ceea94211d7a4a5db83d378b16b86,Avenger
oe:player:39c3a0258d73ffd0112726c410893f6,Celo
oe:player:87b0ff8e56b0ce96bc0a82ea5dc9a7e,Kuri
oe:player:3ccca65d3d9843b81f4e251dcf8a3e8,Sting
oe:player:9e3641005a1d5ee5c17edcb985f909b,Trap
oe:player:559c0cab98dab7824357ff1af6615ea,NinjaKiwi
oe:player:20cbf3318192b3d953e11d6cced699b,Mocha
oe:player:dc150c171a97d08f48a8c3650b97825,Muja
oe:player:34403168237bc47bb46755607a966c6,Edger
oe:player:8538cce382d464d1844e5ae4279efe1,Mito
oe:player:db461a785753fe7e4c22844808267cd,Bet√£o
oe:player:d7eca91517950c67ade956ce6e953cf,Hidan
oe:player:7e6e34b1f0efa66f0630192e136f6a8,NOsFerus
oe:player:442544182ae779fd792f1f509e80866,Jockster
oe:player:343b2b8ed97512673e3e1ef2705b0de,Cavalo
oe:player:7dd9d0c5a2fc15cda7d7ff65ca05e2f,Hugato
oe:player:5c0eee39317763ff36316162e3b4754,Sive
oe:player:14858d85726545ce65dc2e7ea8042c9,Goot
oe:player:866af4d53437462e22c67c763b9f661,Geum go
oe:player:166969943c4ca12527dd5449aab5e8e,Brance
oe:player:a5a630a5d4f0d3151f3c98d2d98834b,Telas
oe:player:340cf9b25b9823e30d2ba27ef9d641d,Zecas
oe:player:2b4eed32f31db963edaafd9bd7a1e7f,Erasus
oe:player:b10346cf5cb42e86bb81b3ec776ffa0,Evrot
oe:player:9d660d86d96c38bb2cb11a859909c18,Mewkyo
oe:player:5984f00636cdf5a46c8a5f56709dac5,Yuki
oe:player:5f5a5776c154fb16db6ff32866416dd,Vitin
oe:player:666523718b3aecd9fe17002e9ad2a4a,Mido
